x,y
0,0E-32
1672.746274665948703841422684490680694580078125,0E-32
4599.284571097659181759809143841266632080078125,0E-32
4621.42384657569014194677947671152651309967041015625,0E-32
5372.6024764342227086899583810009062290191650390625,0E-32
8437.1789305939681895551984780468046665191650390625,0E-32
9517.0827571188832649795585894025862216949462890625,0E-32
10011.5671438809649913537214160896837711334228515625,0E-32
13304.2956099463704191521173925139009952545166015625,0E-32
14674.7156487027734925732147530652582645416259765625,0E-32
14801.4494598016072473001258913427591323852539062500,0E-32
20677.5147477454284512532467488199472427368164062500,0E-32
24574.8306875742032957532501313835382461547851562500,0E-32
25161.8564909235255413477716501802206039428710937500,0E-32
26491.9491045582971651128900703042745590209960937500,0E-32
28202.1109249481468737030809279531240463256835937500,0E-32
34517.3101860772066515892220195382833480834960937500,0E-32
35920.4771630443628396278654690831899642944335937500,0E-32
36991.3223262882629001069290097802877426147460937500,0E-32
40705.8366160801705859739740844815969467163085937500,0E-32
43100.5265523695806564319354947656393051147460937500,0E-32
43442.0547717935176024184329435229301452636718750000,0E-32
45498.8924292245776541676605120301246643066406250000,0E-32
48308.7896100669520365045173093676567077636718750000,0E-32
52049.5890938006848500663181766867637634277343750000,0E-32
55863.8463208484151891752844676375389099121093750000,0E-32
56215.1326803216064149637531954795122146606445312500,0E-32
58666.6252629738053769870020914822816848754882812500,0E-32
59109.8563387087615978998655918985605239868164062500,0E-32
59848.0051604317927171905466821044683456420898437500,0E-32
60085.3761552141508559543581213802099227905273437500,0E-32
60652.8253642075740685868368018418550491333007812500,0E-32
69699.7553773890375055088952649384737014770507812500,0E-32
71336.0953815452558615106681827455759048461914062500,1.00000000000000000000000000000000
74686.0651544464327002970094326883554458618164062500,0.95514598652407735679823217890541
76397.3755993732059437206771690398454666137695312500,0.93375060101057352535904834305429
78258.9440751200425552269734907895326614379882812500,0.91153920136042715149028552487615
80468.2270375528244699125934857875108718872070312500,0.88651257779364524382097017540000
81242.2562939879906593887426424771547317504882812500,0.87806639839499631487140604665150
84028.7257658048009147933044005185365676879882812500,0.84894891278448057756155761242349
84595.0611661999474222284334246069192886352539062500,0.84326548616584810309158373978864
85641.7987020841083563027495983988046646118164062500,0.83295886427720812608311192400472
86110.4807590015063283317431341856718063354492187500,0.82842523642614991268958812838382
87545.2426538945698553106922190636396408081054687500,0.81484833691727476286688434033982
89529.8893885701456269998743664473295211791992187500,0.79678525092260859250106979794027
90332.1014073308689944497018586844205856323242187500,0.78970924256341944083869322906157
90800.2053285030631855079263914376497268676757812500,0.78563804039275850795083217636011
91053.2849472998522344369121128693222999572753906250,0.78345438522985104525006654543882
92245.5754583973199771662621060386300086975097656250,0.77332809760309617515215151379840
92607.6541054043151177666004514321684837341308593750,0.77030452904413100180143089975838
92929.8519474870453507264755899086594581604003906250,0.76763379997480222810251501866312
95619.7161177613355960147600853815674781799316406250,0.74603960645198564904961240102563
96125.8977222787844709728233283385634422302246093750,0.74211109671657113361080124646266
99217.2379897672595632229786133393645286560058593750,0.71898892598585018984343182740541
99884.4514112688512739168800180777907371520996093750,0.71418618587414294945017833622536
100455.3268611007892729958257405087351799011230468750,0.71012755232165450414080917277153
102373.1511005804515832551260245963931083679199218750,0.69682426119186618566292491493849
104004.3243669660552939149056328460574150085449218750,0.68589547420975400356246818544405
105796.7191743472494351863133488222956657409667968750,0.67427511872071612683915187444987
108892.4846042242324699600430903956294059753417968750,0.65510577374389285246232152309027
109183.8038249778587385208084015175700187683105468750,0.65335785054619772978512176443696
110478.9963023392903949115861905738711357116699218750,0.64569825730788957330687817073205
110605.4700229988645503453881246969103813171386718750,0.64495992256722845589811906371791
110860.7750138707322662412479985505342483520507812500,0.64347462276553444307970383993369
110947.3584653844626473073731176555156707763671875000,0.64317515253693425886067909960260
112485.5384384675995477209653472527861595153808593750,0.63438007405350604200013055450528
113785.4403404348236961141083156690001487731933593750,0.62713282113287714838879072531879
116240.5607021903561815179273253306746482849121093750,0.61388713004718794961669848477229
118712.6234540267324462092801695689558982849121093750,0.60110359057289532809232819133733
121001.3815187089777225537545746192336082458496093750,0.58973363203717027650430096902337
122267.8816533058758011520694708451628684997558593750,0.58362493272667396908099964503564
123201.1003078154062393423373578116297721862792968750,0.57920411446209186771168596211896
131541.0353505020793534185941098257899284362792968750,0.54248154588720292756902778614592
132289.9530890676851129228452919051051139831542968750,0.53941045815096430912311235437030
140251.3071283468561603058333275839686393737792968750,0.50879086737667170489121085173185
142100.3496994374661142046534223482012748718261718750,0.50217036309535601401454419181427
142160.04607896610145445492889848537743091583251953125,0.50195948983377363420057794260601
142363.81605275116007902624915004707872867584228515625,0.50124101884219323657819619000872
142846.93948707428027233845568844117224216461181640625,0.49954576878422071331969694710459
143388.40458231217011331182220601476728916168212890625,0.49765937777472203360700416436137
145144.27950125404462511369274579919874668121337890625,0.49163897088983819705302757713250
145759.28525122788077084123870008625090122222900390625,0.48956458644505084282444242125095
146125.81627980065653815699988626874983310699462890625,0.48833659938574218173768775438033
146828.11680120296981755245724343694746494293212890625,0.48600081346244530653736666452097
147251.18967140887449573938283720053732395172119140625,0.48460446644798118946485512392264
147472.52660141558516926352240261621773242950439453125,0.48387713867145887016037978298839
150529.23800266244069945287264999933540821075439453125,0.47405132153317246354294440456453
151624.89323929959409298362515983171761035919189453125,0.47062578366945998233936062455704
152515.00211060193925760586353135295212268829345703125,0.46787911495287026741055801967880
152812.95747428588067151622453820891678333282470703125,0.46696684223621035078447919078805
153104.64729963332855078306238283403217792510986328125,0.46607719271180133139877680204414
154620.24551189898205194594993372447788715362548828125,0.46150867222010776579847734813473
155283.05510174733388595313954283483326435089111328125,0.45953877039440479508161194680682
156589.05474454327293898359130253084003925323486328125,0.45570607933585626224468410450119
157389.38548479811948510587171767838299274444580078125,0.45338879737500429160941034144331
158248.46914090107407702134878491051495075225830078125,0.45092748506152946867221848760516
160918.06691437140558065266304765827953815460205078125,0.44344669043604216917253465644005
161144.43805538153885237306894850917160511016845703125,0.44282374908912037985976851463559
161825.03666204929829319780765217728912830352783203125,0.44096133501002548069238464856810
163533.61371408547217498608006280846893787384033203125,0.43635423069231252985469564485638
164492.18654861972579084294920903630554676055908203125,0.43381139069150731564636484835128
165480.51483506507924658990305033512413501739501953125,0.43122046287846571582092370890201
166598.35830698041645092644102987833321094512939453125,0.42832705513853598982142926920337
169334.61931589039404144614309188909828662872314453125,0.42140576152018592331574163259568
169761.69593419344619888988745515234768390655517578125,0.42034561337208290151161156892638
170433.26646635892564773939739097841084003448486328125,0.41868929513610380694047656166210
173133.73686092646892831226068665273487567901611328125,0.41215874790402028129779939025033
174820.86615713498611768272894551046192646026611328125,0.40818116151194466136612378771644
174998.40074539236704964650925830937922000885009765625,0.40776706473086107419929881884195
176738.60837306130449775309898541308939456939697265625,0.40375209956343715932706103274858
179211.92971694363857437792830751277506351470947265625,0.39817987740688314379223605918117
180197.87721205673071978026200667954981327056884765625,0.39600124767601366495928307071791
181177.48090854521749548666775808669626712799072265625,0.39386011907607859786441136420275
182376.06522819833478621376343653537333011627197265625,0.39127165132801849250161020193365
183099.97613290856052259414354921318590641021728515625,0.38972470511271845625560127667356
183772.42430892537172582024140865541994571685791015625,0.3882986496635005015978382184640900000000000000000000000000000000
184468.03653232895656088885516510345041751861572265625,0.3868344106976908345423780437592700000000000000000000000000000000
188234.17324899363209311786704347468912601470947265625,0.3790947359497332133218764925543600000000000000000000000000000000
190942.69156578319459782733247266151010990142822265625,0.3737172845914307190696106572000700000000000000000000000000000000
191206.90349577687388915592237026430666446685791015625,0.3732008776875550968949914545487000000000000000000000000000000000
191865.41604954172598951345207751728594303131103515625,0.3719199930544961672814132613779300000000000000000000000000000000
193750.63057013161765240738532156683504581451416015625,0.3683011714313570672794474334477900000000000000000000000000000000
193809.70991049858262300631395191885530948638916015625,0.3681889015648235825971343694780800000000000000000000000000000000
194108.87660787705440412764801294542849063873291015625,0.3676214372653156766057912938658600000000000000000000000000000000
194298.35003391688125162772848852910101413726806640625,0.3672629448067220462996666704326500000000000000000000000000000000
197123.98784568916008907990544685162603855133056640625,0.3619984811813155173653839589190700000000000000000000000000000000
197786.02779375210392487360877566970884799957275390625,0.3607867805452622295997582613177900000000000000000000000000000000
200053.09581714731556445485693984664976596832275390625,0.3566982251040334021396419983839100000000000000000000000000000000
200272.95084207288147837289216113276779651641845703125,0.3563066500219196287762152711983100000000000000000000000000000000
200470.87598893403751532105161459185183048248291015625,0.3502115980072119220812021099560049627349632458934791383142463672
201189.56478155645383054661579080857336521148681640625,0.3493922835039335243577316264701038882538944426153734855775144838
205093.04424239405208396647140034474432468414306640625,0.3430238025470615345024543546069149641480792575521263643167912960
206874.61776043919045520169675000943243503570556640625,0.3403668629165144438322916559124621538888243039551184665469918400
207195.70484468099105157534722820855677127838134765625,0.3401354643782861903398651290793649675816385605852095371422668298
211099.62446297566541630885694758035242557525634765625,0.3337552793280063846997625775241349675816385605852095371422668298
215036.73127611114680490800310508348047733306884765625,0.3278257651131559439828447972265208056789549368489941924862149689
217413.56733733349367554410491720773279666900634765625,0.3244334692813281010669754652431249748537467822779944981448352337
218131.65257759066648901580265373922884464263916015625,0.3235687618610398929765136010492537231110594431640947732375934720
220565.70113980676146780979252071119844913482666015625,0.3201493118684828030352547042026292610581518506324712126072318781
223124.51696175030097180069788009859621524810791015625,0.3166116593824288031448184844608824761615691907552376726402364897
223611.15548811132035922355498769320547580718994140625,0.3160778986529078607439243104989493267632400955050099477428349032
224155.55964301001123573087170370854437351226806640625,0.3154513427287225956742454157213681025925495359700789776979945600
225099.68311585608083902343423687852919101715087890625,0.3142516540907095693222607838989589784888475545312758185900747776
226164.01224818380345737978132092393934726715087890625,0.3128844575174701594417705403652874813674816229467395691571231836
226633.55885169680190216467963182367384433746337890625,0.3123474399736029179098361951660338704526366245659961283241433126
226979.03254907613385427112007164396345615386962890625,0.3059930262136595992741593687954328922783846399152688870041553552
228274.37594134452898231302242493256926536560058593750,0.3045532840774682002847112456452638274871759741710642127396442510
228423.50321905777390441016905242577195167541503906250,0.3043479650055822363440328231818838274871759741710642127396442510
230049.99570257639801695859205210581421852111816406250,0.3024572598343266425977841470995826976820478861431398500927672204
230580.46957555266182282593945274129509925842285156250,0.3020493112108860928378671896003032543159603199234686721327854821
235019.82262919935330103271553525701165199279785156250,0.2964587723544862710789909377890987807435865599258602761286359358
235457.26929839471712568865768844261765480041503906250,0.2961642612155317492997805488031079057715586843725513788722126246
235627.34570305585255312053050147369503974914550781250,0.2962011297606103243853738461128459105037677426753194755720495082
236168.99608765855823833135218592360615730285644531250,0.2957446132761025614025567352569023151560410452655484429366576175
236575.64183848494077722079964587464928627014160156250,0.2954509093171411810728408881158889125128176828970609861884171281
237817.19783650240925965135829756036400794982910156250,0.2940830981313082402925161624693757013638226103863296081833247733
238146.55045689320844815028976881876587867736816406250,0.2936656103928807106547522033462057013638226103863296081833247733
239752.997287556117871787364492774941027164459228515625,0.2916457182952135310260282047855457013638226103863296081833247733
239857.685871680535274919066068832762539386749267578125,0.2917200709085951196307598170771142332577571030954612851609565775
241944.003343664166369109125298564322292804718017578125,0.2893336366114864909479453623987913059092676047254921923790517080
243697.444861186999151669851926271803677082061767578125,0.2873834515952330435188522750038170232615359146073548875695754153
245337.134315578936185175962236826308071613311767578125,0.2855903685118323436208075759076753888730431687226226545394231694
246102.249869319190612060310741071589291095733642578125,0.2848480444349215582571153394208919259633675377212903691138813479
248045.761373884824298130524766747839748859405517578125,0.2827220248338887135941394706798658374525915484719580349484422468
249894.042123777511097415526819531805813312530517578125,0.2807337267970811155093367616427709326620023466127468674874928018
250009.839409530605326636987228994257748126983642578125,0.2807462673260128592767198441218851340102541463176487889507337025
252033.766680757035420157308180932886898517608642578125,0.2785795932533178327943131050438082837056834040063955544083264481
255355.494282114706084740873848204500973224639892578125,0.2750075806882413733408470715021198104353497145594509681443195024
255664.440044012083422586556480382569134235382080078125,0.2747956382225576163669199628446291893846132621727957396413128461
258308.198617764797223372852386091835796833038330078125,0.2720442342251845425277420685763473689209816989992012687642792506
260035.463689164288940247615755652077496051788330078125,0.2703157918133806099330410311370376172758953983525505767223269989
266200.040242750873790811283470247872173786163330078125,0.2640354360303885116735962233766239425580673840057685392702552277
272045.755207503295810766985596274025738239288330078125,0.2583490870443979017938587360291984794319507035441191442842887810
274508.329534088192691143603951786644756793975830078125,0.2559817394961669768869586081145284794319507035441191442842887810
274996.227821977086524185551752452738583087921142578125,0.2556223462633104644755597754447449224615365393263055755242078606
278155.468095046363078637341459398157894611358642578125,0.2527579838395632142013423216763726127863228997091517685700558632
278493.556020024465897932941516046412289142608642578125,0.2525417260426823885377578724685687447962685439568641606566609081
278671.023974637144920762921174173243343830108642578125,0.2524711619918233580790199160119064461391923199576344435020776776
279106.092762770937145688776581664569675922393798828125,0.2521599043694452387088600602905061577273936242858630789961932739
279390.407378343693313382800624822266399860382080078125,0.2519853564982155771887311437245869137435879870855321063698221255
279437.865569492426768505310974433086812496185302734375,0.2516644957441591146307007515241856699348961206875000596702671304
280464.34591089045256395717586883620242588222026824951171875,0.2508138568613783479705994006973979078804256297871528364535404560
280984.93381732268000561258958214239100925624370574951171875,0.2503393017434453913743788151865479078804256297871528364535404560
283403.24356649927978579750487142518977634608745574951171875,0.2482449871026078459900916554081810576965935156376366697357228529
284695.64469825722796414435578071788768284022808074951171875,0.2471787600822960662076813300725705534326699643101479062453617316
287020.85387393122215982099731945709208957850933074951171875,0.2452163697767786691284617453926680090924688537655423839240067835
288774.16733867458112328119312905982951633632183074951171875,0.2437759710100801476440731338336505386378990279254557841751941775
289791.30626558762236910649079391077975742518901824951171875,0.2429796231820970283978356698580465293255210941625000541622424722
291438.85523710485876491826928713635425083339214324951171875,0.2416527106406266925345102890764090083761445119277146998062488994
293194.61938224320346690898730912522296421229839324951171875,0.2402488634718504529117523796476302163108289221974503013016780203
293574.35827865734825692367593319431762211024761199951171875,0.2400020613148840581985202872221269802866500654984681890276337357
295311.08802810289319651371187092081527225673198699951171875,0.2385629723281902731427489080525369802866500654984681890276337357
306453.72576941717500786932504297510604374110698699951171875,0.2297860926660729497925655831529373140989208374960749302494554690
310647.17624068683938431956192971483687870204448699951171875,0.2266878348012598433795689100314282048498886350556548121982727718
312032.14378847205865141756220282331923954188823699951171875,0.2257256991837778022457674316486531596172610955947770448903158783
314594.11848450786113218224926413313369266688823699951171875,0.2239132999320821918054310323964082587892435803781829192668392689
320068.69112152311266228377206743971328251063823699951171875,0.2200682912604994103705989531563652693994365906926370345280241191
321119.09988382982135746157581479565124027431011199951171875,0.2193932574766028169457146685162650584616063664940878854127805499
321901.28004847414479783207497121111373417079448699951171875,0.2189072363011830106533847472745083263043405038297222691628323648
322367.05076901734674421629023299828986637294292449951171875,0.2175033019634131963399739798907751136902206463848184977836665080
324581.49764058833415603100291946248034946620464324951171875,0.2160561575586890810193399567694185542916463522759247510592033066
324767.43152728935866135895338402406196109950542449951171875,0.2158206154161956562460883761508739339841544804850525788963703888
324892.15553210512886195271420319841126911342144012451171875,0.2158126187484689990483282938473845133008107528839759639736315231
326467.55978102136433605107157518432359211146831512451171875,0.2148174019202325623811745297598660829678839518062595977572944624
326600.03018779276826577540049356684903614223003387451171875,0.2147278592851077513740977018255460829678839518062595977572944624
327532.31660954008000785631082862892071716487407684326171875,0.2140997340579044770693225648320860829678839518062595977572944624
329741.71012804628961034847378641643445007503032684326171875,0.2126987526706474774863075773861856366760993762695568043693443250
333506.32994437635878071102268904724041931331157684326171875,0.2102315182719607552139236982806156366760993762695568043693443250
338222.42286020537701929367102593460003845393657684326171875,0.2072898308724177633094991585543547147654152375345622091941084186
339345.73744992967775047087997108974377624690532684326171875,0.2066543418379520372953113609655021308927395519417763191234966706
339607.79182034500851627978335045554558746516704559326171875,0.2065586850930133723499982607000100786995720175932631089752010753
340421.39691772282216575273849912264267913997173309326171875,0.2061180993809130187739269612007545518129103860137345233794143960
347962.56007951665500754767634816744248382747173309326171875,0.2015297526924924199522679228301945518129103860137345233794143960
348073.03891951729435916274013607107917778193950653076171875,0.2015290839131695414053221560038826371794269319127996258207390348
350647.71208450646424992225291816794197075068950653076171875,0.2000722959162999877932512248651031817329201089406218523438723026
352763.25943705458446586487042395674507133662700653076171875,0.1989017900663202391998376627767764390617126834602359979611767840
356204.46484965555107649048949269854347221553325653076171875,0.1969887626073523012301025239339816494093338892640535710177927752
361116.16591826466363002179349450670997612178325653076171875,0.1942961208250087099737044024407120730084894386426011239324098925
362183.78057759786641056631850688063423149287700653076171875,0.1937658926341643349814271631340862300816562213681403057206984285
362803.37176947132361604086980833017150871455669403076171875,0.1934828731106890970391431402433500741749715522952982009483719963
363867.97676389678754460543785853587905876338481903076171875,0.1929572497957053035635969459083823321587532201917645285367407562
367113.59062603807860980520416660510818473994731903076171875,0.1912605279267556630713071007535121975613196752961074590842222375
370107.82233215280912375089172883235733024775981903076171875,0.1897255276812643189991479992319777572361128015210607139008795473
370265.16358632364894176713931983613292686641216278076171875,0.1896427775398141484346816192656177572361128015210607139008795473
375370.05765654958226107407170957230846397578716278076171875,0.1869956095116122757471632152803177572361128015210607139008795473
377035.44497728922978196930415606402675621211528778076171875,0.1861996804707135852349140044050000713621255153941052203533009409
378692.95807062530151554380353218220989219844341278076171875,0.1854140923859886813131621317947123401109695822457123830300710343
379306.86037326407666980809807455443660728633403778076171875,0.1851561061149306737389966586981357836472522055561302838835056836
379482.63375945934750077537245260828058235347270965576171875,0.1851171246186945050899906811006946154622631260387282944840089932
380147.73484616745473274601607727163354866206645965576171875,0.1848328887996269741658155319074168690409738281116743448725022366
385225.96673116114480606153591679685632698237895965576171875,0.1823807242016336235803586278023031378623503248630439058143586501
389287.71008003534653496569006847494165413081645965576171875,0.1804748368737778784951525992811671220663142105670009917050675522
389559.85024640005973040057796197288553230464458465576171875,0.1803907797276519703733089585181671551206865645097161924328500679
389700.58869249485361663243310204052249900996685028076171875,0.1799913409115765465048448661108936002903505770585284712508994814
389915.04145191072398446419100537241320125758647918701171875,0.1799390331364836725057724241919221347002837461659075651754940895
393948.22273434683534432121376767099718563258647918701171875,0.1780927025431018219395311191017023977691489938435876824851592396
394236.38789860383462027026979512811521999537944793701171875,0.1780065005854622653696557262779549962946709658637410686301577514
398438.75337113888803386441139764428953640162944793701171875,0.1761225395770887353977409266106201304030536421057434661428414759
398544.20650063196958157174520920307259075343608856201171875,0.1761205752495260532923147907545184802158696637378008655360264165
401492.11432235265660650735952685863594524562358856201171875,0.1748361106148729630395388286596806725169375152795784334250928430
404643.55916032991230835147433708698372356593608856201171875,0.1734804570276106841738299209818122940858539941209035526434854000
406521.19459674416898209425852428466896526515483856201171875,0.1727001955864476726471054331088676250315160120305383423520257089
408832.69723093312827344458781908542732708156108856201171875,0.1717392026550086088414474105402552587922990561718610118887334460
409350.31470350768554211651206742317299358546733856201171875,0.1715579884081845615762970911504432821362262574335113538897094684
409488.87081362202282874829251113624195568263530731201171875,0.1715396051300145711366713576597862951611286378036547334211032991
409829.75353283542121729521312545330147258937358856201171875,0.1714335708398887278053432148207728846281304024202898937651742477
410086.66324176945058510579400490314583294093608856201171875,0.1713631163050787349077766221428031972951264388668401225933921316
410344.87881535045439462816574405223946087062358856201171875,0.1712915644985538647885877267274623265835858193284205735318662096
412549.44466120652318508188471923858742229640483856201171875,0.1703902525640782628980337493553865925786817368130556947626908633
419038.30869058737984900187001358062843792140483856201171875,0.1677192188762367460658582473532731220294149445618357861952239950
424696.25798329645672068988204728157143108546733856201171875,0.1654620002702260926092572404864406150153977411632531212955389482
432657.80257301306405437468782793075661174952983856201171875,0.1623716220631029258725672633277583116136321859078166203013132191
434133.53897600794848343763732145816902630031108856201171875,0.1618406585512571605175263163464598718986162060765877588896494260
434337.66151422516889268887751995862345211207866668701171875,0.1617980075520356936173440614893504359424445700060776425545178446
434485.61526122783489867185124921888927929103374481201171875,0.1617763330337442842405731166037553971482383467793623547474150352
436299.34064247620104637359617072434048168361186981201171875,0.1611201776341906403818421554985301155835697884715896376462450746
438201.54341980026216318844234365315060131251811981201171875,0.1604359378488671989406253639556086179805495539166952310506053496
438378.10804086811031410331196411789278499782085418701171875,0.1601708849996088745875013437571857470673947631975407810781912114
440443.58048549487715817019051200986723415553569793701171875,0.1594339685083906198435209338699542269092495841546657879432181529
440597.71932685533854268111753071934799663722515106201171875,0.1594119964435239832607726134487751973176399719688606664975010902
441198.77406986198493299422551672250847332179546356201171875,0.1592234764999784690015579596643606516892610408851289056845430666
443146.68345027736599817114182542354683391749858856201171875,0.1585380064402621585458898027324689034188878511814536867020844070
443804.54436640387429846565936486513237468898296356201171875,0.1583301621942504617967215126236481592327809249820943857995624691
446014.18029418527057472498853485376457683742046356201171875,0.1575569672646567148552390949702499658554218633528747759552871273
446458.69842643408119087222729604036430828273296356201171875,0.1574285130645031678265866568091020366762458989329769381087047535
454509.05624145461333440731976907045464031398296356201171875,0.1545945330492473825204333358139359917497048751663128919951603558
459253.62346545116215323911745826990227214992046356201171875,0.1529841711698953668340792089456276311286608006517169341460472632
459934.87423117817254236694424207598785869777202606201171875,0.1527825653089346809373413546535711281977767851880571495990952299
464470.07077300550283538438378627688507549464702606201171875,0.1512796994376747324867811315895198963402388227046898319760801563
468740.87847084975785250104962642581085674464702606201171875,0.1498929443935187607916602221091612489378085453996563331762510123
468778.13160428160477877224110443421523086726665496826171875,0.1499107821041931492722547709444259927042070663542686996076251186
468995.95636441722521581265681334116379730403423309326171875,0.1498688627128559205265395862014537676851633546193794834132052234
470585.19800114889775854987163938858429901301860809326171875,0.1493486066954448853816137009975037676851633546193794834132052234
473559.31030916141761977211643852569977752864360809326171875,0.1484136277497892745072593414779174472584605805777521210583343244
474085.85451190539956101144269950964371673762798309326171875,0.1482730209157197106212203435035506648006471969163325461435773731
474546.70438908891284668367660515286843292415142059326171875,0.1481534661161170756589642160573060336870795150985187584690239659
477112.07613702068576244652575724103371612727642059326171875,0.1473628945369834183461193199249153072919625321183919176575922949
477443.73748701233162605728210792221943847835063934326171875,0.1472853741674459902014690465214088123217224241901488887392866784
477685.64710285886238139152482062854687683284282684326171875,0.1472360385173601181676860583702328088150441195221974322838410477
480398.05019574173800733785100192108075134456157684326171875,0.1464089953952338669599164123322125168095740247603034897852917789
482733.14058458819707098097495645561139099299907684326171875,0.1457080737546486833258422017185158363419546423730125776311676115
484335.28513386933926099242597729244153015315532684326171875,0.1452392062397483872999859148475793741145244791784893155276499452
487706.65451368255096908921331078090588562190532684326171875,0.1442338985962315647512577946786458901620166426926659209079504938
489763.06820476038754363923288792648236267268657684326171875,0.1436118843801839756033786250949458901620166426926659209079504938
489943.07210177745824253303652540125767700374126434326171875,0.1432713862376549946909871543912581356883725357286579253220833239
490014.85631951417610607801833566554705612361431121826171875,0.1428972200898490216655763777643931740780395016868269330461082449
490596.84692781039738984638631791312946006655693054199218750,0.1427548777057389059117395204185262539011919350092775119726924928
492805.87680858773846703790866285999072715640068054199218750,0.1420919849518221735113408121804762539011919350092775119726924928
498545.91264326799527917266630083759082481265068054199218750,0.1404298319178437790321582725003610849231928414087906903147478828
500173.80261372419367726926964223821414634585380554199218750,0.1399886520033535308443339997908705071848285557947219598031889791
501013.65085675224206407385452166636241599917411804199218750,0.1397775444618941508908022085183596807258528476356836351630844075
503408.88141383334929979120886400778545066714286804199218750,0.1391201829912686369259117452113493655850193915708889791767337718
504344.26863068733261807885526195605052635073661804199218750,0.1388841341214684372642235942318823084667796870402375897235458524
504387.30389123106828530573864100006176158785820007324218750,0.1388616423097107198125411943181416687186919400891905009805953004
506808.76485103529894327145655097410781309008598327636718750,0.1382051775718217101605419687668643768541732655618909711391512965
507175.77102498435705224544278735265834257006645202636718750,0.1381015615354860064758995613191443768541732655618909711391512965
513217.64621039514203171272299641714198514819145202636718750,0.1364476542022656464900945792813293164235750655686687361423875871
513303.50901435292555841094497282028896734118461608886718750,0.1364542088571128362906408878308042007949760306160142519789177441
514532.88953818325469735661670256376964971423149108886718750,0.1361462537948602858119011651978882966689458728547050746941970305
517177.95296303384682512493952799559338018298149108886718750,0.1354543971294978220266213245343859574119040302471466103888103014
517636.75623088595997667304970946133835241198539733886718750,0.1353591554109889275016209914895047830561441258744092055361826948
521341.55501323886923326078601803601486608386039733886718750,0.1343916758777343960074249081317374336331908870299186745508482740
523817.67743538222825061545506741822464391589164733886718750,0.1337621174198448471624740515372375091738228936155404575416716570
525306.10232887597393580669802304328186437487602233886718750,0.1333976782813838549184088396995739363747611903197627685757402551
527223.75013581845231835920628782332642003893852233886718750,0.1329229777012022100392733403316015152653571287779317972195468423
527632.27719593061041503112562622845871374011039733886718750,0.1328438589511714817029620345671467925409461377191453720419138180
530272.88176833990368375104651477158768102526664733886718750,0.1321860940637275772061622865819810948962007843219248785619027555
530732.89837712969594174516885232151253148913383483886718750,0.1320943008407441104750381075889985556918164886265881455433477588
531865.17898011732446827970477443159325048327445983886718750,0.1318297264076881888320764749749955349545299182153885942354810097
532436.54119454291807467249952878773910924792289733886718750,0.1317095249630300561511824909025102793771367558012860075258097161
533585.43411307789901054654535528243286535143852233886718750,0.1314160547999533797993732111864602793771367558012860075258097161
533924.52373824924538037173249449551803991198539733886718750,0.1313556016409487260382810626981238356518421978589058605906356499
535362.76860801154893176878601934731705114245414733886718750,0.1310160906426024281126936426359610638036108746499606965798268354
536289.11850441854400339813935261190636083483695983886718750,0.1308072900340635446541344515102991571901828809368324245318948419
536487.16022184162673336338400531531078740954399108886718750,0.1307824002192364885548477459069709358354226056723685406919028335
537223.79593759511956529983933705807430669665336608886718750,0.1306217068080434938528717152782036397626670479983038894541943464
538218.30953572304613596877231884718639776110649108886718750,0.1303966149147203039344718045297784023280736393096685200982189196
540241.41875874205177576747871626139385625720024108886718750,0.1298916872049678754130625422950684023280736393096685200982189196
542314.15246013162666538498513091326458379626274108886718750,0.1294025264149372211709337994042463302206342569454991110630738253
543267.11221575119193683001128647447330877184867858886718750,0.1291917792328232131105136873666989634621887809113750216913542212
543460.04705528878733100661690968991024419665336608886718750,0.1291680789636093416561231026786630754074382109244666882407703245
543741.79056212378824564090962212503654882311820983886718750,0.1291223552366226018903421413888744594106240269947652544330242475
544385.92584122336913021733550976932747289538383483886718750,0.1289876528008801432725033324064908488255404760482691835537032622
545589.79543541544941542831281822145683690905570983886718750,0.1287164764122642695590093107489943036722131330905656240667154789
546400.97268373698747434552558388531906530261039733886718750,0.1285417357985748171483732851033366106369104181006684514526058732
546658.08785352160478221428263623238308355212211608886718750,0.1284451508855730725969890010115157251169413052983718041370290545
547799.57271537927783522370361879438860341906547546386718750,0.1281912697503601008069788983349724994706047888657450756685978378
549439.85199227057307491683957323402864858508110046386718750,0.1278182316076053331673601699765409792997509444792915422883794463
549892.57762679950604645107148371607763692736625671386718750,0.1277318380752066523797119652954610246228955855268945222074379293
549955.29047296089575236344160202861530706286430358886718750,0.1277389491467686216249941536773813821248394227149002205465748472
552043.49246974263669751614713732124073430895805358886718750,0.1272615105102228748168402517512363451566778530257639800993274548
553826.97674982133312648890921536803944036364555358886718750,0.1268597006491078877506557069453968737358104490137277693165077569
554122.20940932759120012285336542845470830798149108886718750,0.1268113498387502582102246214412859278792834924197494557666777683
556186.18754566772147707176543462992412969470024108886718750,0.1263464031618514732955665434419503409371322289900200814109538065
557608.47316312021646633745319832087261602282524108886718750,0.1260345051981423300702353194742659662590561876383114377857731341
557798.58525492998813599676566354901297017931938171386718750,0.1260109816427997190344506898100029371944275733667865472635109351
558283.43357604411550876299941137403948232531547546386718750,0.1259185880219071571838702871431736204256327429851939110416360880
559901.92042843648880245943644240469438955187797546386718750,0.1255631055882697602878233056760223159680801056436830500958854143
560218.65781465637121239176110520929796621203422546386718750,0.1255100318856687758496835631033700838368744565190015243975477193
560417.75531385887535118506264097959501668810844421386718750,0.1254840318713059005405582335894720973801577516667841966635728122
560495.78213488939807684907634666160447522997856140136718750,0.1254050256822952420723089978464224680484242222648997850881168847
563153.12034020087463015435957913723541423678398132324218750,0.1248138534181694819768542576157434239964092179496980061961033723
565172.47059298127833737446223949518753215670585632324218750,0.1243731883405341083066313693760073722862816371866559868424990082
565752.82023276620946528048250456777168437838554382324218750,0.1242614405481978087899021875621294529323411805976175766493459681
565894.62970097360501919858677410957170650362968444824218750,0.1240603761120290210088723761166004692046912804758134518968862166
566846.80884824902574226079821073653874918818473815917968750,0.1238660674982084402648478942188079913513356077116429116497581870
566954.54296224830703354591321385669289156794548034667968750,0.1238632222430605529592452048615222657999074768694076371869631245
567627.97139985538124906661039403843460604548454284667968750,0.1237322545107676285295654457521299925650022529219104313511755626
568733.17236317595130290492022595572052523493766784667968750,0.1235042067349193496174432521140015383276078761476291617204188698
569091.28492536930728706856541521119652315974235534667968750,0.1231789296786081679579658116535688357708939405968189916772695210
569752.38972660043434248500204830634174868464469909667968750,0.1230301143930943437888253551667888357708939405968189916772695210
570897.89650224832887093207034467923222109675407409667968750,0.1227730757705926710546916337747488357708939405968189916772695210
571054.74675759042800282649920973199186846613883972167968750,0.1227615552657058428444690458828038137440525734312523917159798953
574214.21770927561335784439222607034025713801383972167968750,0.1220816842469018137998630060239643972915338115172188158284059143
574338.47792060344775566527175669762073084712028503417968750,0.1220773447801731119025662375660470530951058523243591285050799270
576875.56979851538110781739021604153094813227653503417968750,0.1215413964262446874407608096741173878362598010140027410654541781
576882.42774844942260581426296539575560018420219421386718750,0.1215398923488862203480657225914773878362598010140027410654541781
579671.22006985744288076745078797102905809879302978515625000,0.1209539462218290134591470729279824215295493300809098822782451027
579747.06434455529297711251501823426224291324615478515625000,0.1209600061080369785120826904009485008559301664593299888739500492
579809.13630496852738449575781487510539591312408447265625000,0.1209688563989020630993537272584959258294327448916407129061946191
588301.62603764395453342928021811530925333499908447265625000,0.1191738145766524148434719093355250897971680328275642532384489977
588795.69399192118010066820943393395282328128814697265625000,0.1190916390297554583052823367369378927726665319329712894720583445
588998.03374248758848441553936936543323099613189697265625000,0.1190707875155474522555728262444349547692171277725562390726295126
589444.06676960660098618660640568123199045658111572265625000,0.1189770192477381522016145650013749547692171277725562390726295126
590171.01853143420095282323245555744506418704986572265625000,0.1188460374343362659721943644104014224665391257231967298619363444
590465.93016631067024579948565587983466684818267822265625000,0.1188056181466849693568450923318045558774541443409406971339336762
591626.33031110470227620368177667842246592044830322265625000,0.1185843352822040254025845550420664350145578705773242182919339684
592626.51442675991035091698222458944655954837799072265625000,0.1183971027562812659986442047439894332235583477531546676269108662
595086.02345486991367895512894392595626413822174072265625000,0.1178880850218531584037830263292394332235583477531546676269108662
598324.14932048397355490720883608446456491947174072265625000,0.1172450991035872822576006443302726638499474670497202222078704985
599359.19207804662170335774362683878280222415924072265625000,0.1170550513012856067494943321643207402390056664683446270388507717
606817.86382544863505561494321227655746042728424072265625000,0.1155786925647846748304249222830890490691398410723777671815397294
609941.44483477743057253661618233309127390384674072265625000,0.1149829904149968414686609615196271970185544681941922308287457363
612672.55836065317186100998014808283187448978424072265625000,0.1144696540636387091119774336290863507652559511633158693230429649
614604.55690351680328920025431216345168650150299072265625000,0.1141150857089321347419572771279555969870568516569199325595541773
615788.33596972512242562203255147323943674564361572265625000,0.1139065363055307711134072349683960423615800139902947413571730957
616042.90666588652814628090936821536161005496978759765625000,0.1138771314177633885165753595116186002329292512191494246565071080
617163.12045269664830104971997570828534662723541259765625000,0.1136814925539301098050764424367405906116932628173808616832729008
617295.37499482428955932533654049620963633060455322265625000,0.1136754010871412421563541541719040735082827869231901857938473844
618062.64652832272855764728092253790237009525299072265625000,0.1135477053404452017722345091348484555996009900462451780429665725
618642.24847702655535019999888390884734690189361572265625000,0.1134559935433457081474515636374919568957137636988302675788986562
618854.01493767712631299815484453574754297733306884765625000,0.1132999393677363480703924409841518981807508668296031896315188197
618919.14535408814327954729606062755919992923736572265625000,0.1130590083304355206918202622039196696474814108012251741657319169
619435.19157686019909903052393929101526737213134765625000000,0.1129825720305781397041757965485882742717030236511515451911129927
620960.46833926697807015671060071326792240142822265625000000,0.1127138956597627217499403665109263113170375741006686836671056990
621773.98216945437068403634839341975748538970947265625000000,0.1125813004326588041122555396771536741279884411451557502643828186
622013.55487538248744527891176403500139713287353515625000000,0.1125575987956035325633066283261182960488773770212594531765872245
625607.38103714322105730616385699249804019927978515625000000,0.1119019834227910165623393174162533637571815171952624513418641993
625731.34229659464015327330344007350504398345947265625000000,0.1119001330696548683112952383086755639302036347334535973713996931
628923.00326162926419470977634773589670658111572265625000000,0.1113266739261928754576562393348736165784089748884731947045801495
629618.09458574557582011266276822425425052642822265625000000,0.1112189939418055720729793663165096017120953389889193019257618289
631165.71871658610005084710792289115488529205322265625000000,0.1109543052617923730063329891105630260080630866423499023164958455
633800.17856139990133357287049875594675540924072265625000000,0.1104921293060764736497200613957469028096183918540866090533351477
636921.99576553852237026376315043307840824127197265625000000,0.1099456334520122799638677750777066387932430885924762535498305292
636985.15721066512120529523599543608725070953369140625000000,0.1099545869976076364046971254050128339685977745953930137064584930
638893.79710551500026127769160666503012180328369140625000000,0.1096309210848478289521571680487788216785248421459993156134919891
639432.70428055351775498138522380031645298004150390625000000,0.1095542500301018019562682712989916419323847711480331724535434527
647423.97371363778828623480876558460295200347900390625000000,0.1081388923932811184494703677973516419323847711480331724535434527
650667.95213006868997496212614350952208042144775390625000000,0.1075941573181881528874291390375452147393923531020615777487955534
652303.69001147888233305138783180154860019683837890625000000,0.1073313197304641419007540858980346534419528478574799437265134001
654210.68738425881887366131195449270308017730712890625000000,0.1070232529072467465040206650505850980489980749571293133131549185
655317.05325259921304592580781900323927402496337890625000000,0.1068534717573541993246187813740326952359891080021659954414376560
655815.53911211673850090164705761708319187164306640625000000,0.1067684257926943424455241588749426952359891080021659954414376560
656426.36487701085665236178101622499525547027587890625000000,0.1060893921043433998233790947006983491590921473612561127116422706
657038.61080860355676236395083833485841751098632812500000000,0.1060092514375940067236017116783042729663729661372309621542186996
660039.62289664084781293240666855126619338989257812500000000,0.1055224464970977686749007384337995824988202172165570801688414422
663912.50107600804975049868517089635133743286132812500000000,0.1048937205964650843927616689615250711004661002321509296126463357
664002.98192929775629522737290244549512863159179687500000000,0.1048634725842636903297838186547704893989742924054667954807493813
664362.76709945350911823425121838226914405822753906250000000,0.1048275594948167242568680238689750380102563439377770706857089701
665563.57276432336756499807961517944931983947753906250000000,0.1046509758764200531923626651154917990414289169317679181113555033
665610.70054258534632651844731299206614494323730468750000000,0.1046671358830935908105479047805025391693837841571468935412882564
667461.15685297943223019956349162384867668151855468750000000,0.1043830213588528528629815086152378050708606721962157402815312988
668440.78392067015401778462546644732356071472167968750000000,0.1042443478783794340818341317055373300891167437806742005027108125
671476.52848605951412253034504828974604606628417968750000000,0.1037442726832613152338064285401473300891167437806742005027108125
671971.83137454479837913368100998923182487487792968750000000,0.1036866062977021117821583503772483742339293511221969279301300838
672390.44420711968739112762705190107226371765136718750000000,0.1036414270784092060211499796808120575149320618411104196166614683
673865.59352462419489881995104951784014701843261718750000000,0.1034238630419583070200780294591105466082839590504836415228275435
674428.43905229330202644177916226908564567565917968750000000,0.1033552780115225703098695900098184681900055504408103435610653992
674714.76590878440258336468104971572756767272949218750000000,0.1033315706433905724913914959066091956026479544998134574632675856
674834.50309939329117980832961620762944221496582031250000000,0.1033347776285945478884227633533547821886286986260218628106228963
677074.87149836965654969844763400033116340637207031250000000,0.1029722431416021155207781947752847821886286986260218628106228963
677284.30894372763994226716022239997982978820800781250000000,0.1029609617292493282743427116016099612902341305202720847258673383
682208.53560886838347698812867747619748115539550781250000000,0.1021953095871806632987598156634928795829551108661224249486759690
683033.40654604980598207930597709491848945617675781250000000,0.1020865894912208574215504380273754837421559886049535273682147648
683958.28599716272715625109412940219044685363769531250000000,0.1019622177946273198858854487773302871097435267408882171514235216
684833.45039406312567109580413671210408210754394531250000000,0.1018459218190911180620445921670855163608357799078838699966734972
685045.97588774497809538388537475839257240295410156250000000,0.1018341228249482142506310788173925515037642582297235253040138985
686483.93524331275831684706645319238305091857910156250000000,0.1016295856746739583125235441283968192134093786364500617281457693
689418.21180623542615251153620192781090736389160156250000000,0.1011925683331645601897111608356125328312025381013451906187743640
690383.64911011111986738342238822951912879943847656250000000,0.1010638348952561035791793443147353656984614765641474881955505943
692768.61489142850474820534145692363381385803222656250000000,0.1007162314252524662238278501388546111563922639421283244839111400
694657.98735195582050039320165524259209632873535156250000000,0.1004468926284661022448831144011078358794245789341998866517953056
695342.74667003317246383176097879186272621154785156250000000,0.1003420755980478674334394417504678358794245789341998866517953056
697410.71308227672354007609101245179772377014160156250000000,0.1000475777832759576879876606245774998752136139610487296379580534
698883.55351247699287853265559533610939979553222656250000000,0.0998448109043431128140324076254513498179752738896725517960735388
699950.36866625270296538019465515390038490295410156250000000,0.0997040806355730480202903794765537257151546694969495429967767335
700639.27552306821350214249832788482308387756347656250000000,0.0996205889972623836314482225285184542407612399339588801915186233
701636.27344631458426249537296826019883155822753906250000000,0.0994908694795510027513892592534843820687038384273357333415476691
701952.56622026914574519196321489289402961730957031250000000,0.0994634811571678648035546805372909225394591154292902188932830013
702310.46621459850258872847916791215538978576660156250000000,0.0994297615622874594193601914140983689934065334040205242711970047
703825.43621407164984304927202174440026283264160156250000000,0.0992229764653412879981248582044584081041633474150803417030460544
705939.31644912571938732526177773252129554748535156250000000,0.0989280985868300037702463945294859465452528856557951603684636916
706986.72987554664474885157687822356820106506347656250000000,0.0987924857935526663237670971175966643234394640430371519721613447
707419.00298927964236384013929637148976325988769531250000000,0.0987285809017961786502910938798566643234394640430371519721613447
708606.29730587929857676954270573332905769348144531250000000,0.0985728833681336954520571148240889281120632689735415015740444722
709314.76602548521539404191571520641446113586425781250000000,0.0984879603583860352308332568493244112510418756547894118251903658
711567.64551047067887168395827757194638252258300781250000000,0.0981771013504625743237165423071176004135384027359401137857730646
713606.84682004477197381220321403816342353820800781250000000,0.0978992134691255269017029629234121222726296372783456283579133534
714183.54465521876961986436072038486599922180175781250000000,0.0978155485613711437708888892622321222726296372783456283579133534
718755.60759930153933794372278498485684394836425781250000000,0.0971759166888266723793040212030011901679741307531413933854257816
718809.68974959986179840143449837341904640197753906250000000,0.0971869645831345201197649359976828707724802667352542380717225062
718911.58742301569539279171294765546917915344238281250000000,0.0971606090811744113111036118345128812450576278395655497302447912
720470.26633387793411600341642042621970176696777343750000000,0.0969379953933975741141947098143228812450576278395655497302447912
723281.17894358430224599487701198086142539978027343750000000,0.0965577749896160760987162033055757886508115372564850069442439886
723707.82549194197819986129616154357790946960449218750000000,0.0965161710513666284079558303323572421083796912741653391655590954
724542.83726935024962756415334297344088554382324218750000000,0.0964169389720165888398524237316110616237704197499281013615453307
725834.77964866704125768137600971385836601257324218750000000,0.0962536575370102678414468800722083005362473556165408889112372831
727880.62808274480896386648964835330843925476074218750000000,0.0959855284191478643155214189444690188516640308410828277820747029
729667.72419519779298013872903538867831230163574218750000000,0.0957548258901121487697843023877990832424651146125632057569712361
730238.27377947319398288072989089414477348327636718750000000,0.0956937083706211168651705389764725270476876276416760786216326362
730514.47057319823402110614551929756999015808105468750000000,0.0956733855952332562404497001450476769396287997753031852072470615
730960.78436787316535117042803904041647911071777343750000000,0.0956294184060851124663147611497976195905139047813458800361908941
731230.05136197040029344407230382785201072692871093750000000,0.0955921516351739557409249167937776195905139047813458800361908941
732201.38408655334716002016648417338728904724121093750000000,0.0954756959022934843997959241786128550058307394794944600360756365
734442.58971034684110179568961029872298240661621093750000000,0.0951673912661955190309219976803228550058307394794944600360756365
735380.68969170038870686312293400987982749938964843750000000,0.0950565393427231888982390875086298898576640810472844247132097879
736444.15859045574323715754871955141425132751464843750000000,0.0949288002468560246645679546562485974846967896515651702046236810
741490.44056955754511761824687710031867027282714843750000000,0.0942625980309749223329124060792985978922108902099724304458288639
745656.76837829800750512276863446459174156188964843750000000,0.0937051611905527394284963641762485978922108902099724304458288639
752924.38319825384222383490850916132330894470214843750000000,0.0927648572629694225831759114320147044187553004084735653605694440
753184.88511435179678699114447226747870445251464843750000000,0.0927480724048701164365584025196380104028135387562003984890107101
753354.63893999314227301056234864518046379089355468750000000,0.0927430305213946067623784042403397358494714131142539389103992183
753650.99863569130012308505683904513716697692871093750000000,0.0927214001462184009501513705912141940970846901242822236282276735
754156.82062943715810376943409210070967674255371093750000000,0.0926724431738474563562208416771844584839467459520536038861110244
754335.55220956982405766666488489136099815368652343750000000,0.0926492017995121837172661913765944584839467459520536038861110244
755105.69824453364422822687629377469420433044433593750000000,0.0925659545160731219188241455654921223482895320842969879814068623
755131.24382253958314237252125167287886142730712890625000000,0.0925793096973659397195037865435985056949511899070820795822872938
758198.86138375796921451410526060499250888824462890625000000,0.0921995232222754843100213186485289685287103144509577244656238457
763314.48618581773693136938163661397993564605712890625000000,0.0915621072104741537707323903037363708542868676786132733680810323
765752.28923068371799587339410209096968173980712890625000000,0.0912699443508838724072775870994666860096764083483015100448351168
768038.62258010440340427749106311239302158355712890625000000,0.0909986314565894885833542467707958406661509721439875826768122455
768665.84881636079357036805959069170057773590087890625000000,0.0909362030437610442025177185271269148282599357544921796899526338
772186.46962941699352001023726188577711582183837890625000000,0.0904974236446915451015124444587869148282599357544921796899526338
772898.73392318356608399199103587307035923004150390625000000,0.0904252071940957408347301800558530751671641985754381629838214642
773046.68000154968070347649700124748051166534423828125000000,0.0904228605703193124131348012996995616873036823662475139516447629
775283.54162753490539472522868891246616840362548828125000000,0.0901626393920538750567775474864846877263981491864294993513888048
780320.95749722991070740363284130580723285675048828125000000,0.0895624468899679852893091793424163866221146712609447260800633129
780667.56250272797468170438150991685688495635986328125000000,0.0895360412324382948471813743016571117120684197501834145249333828
783839.66047541272281051760728587396442890167236328125000000,0.0891681546730736886251332513938825830004901060593868471183912931
784979.51217221289164882591649075038731098175048828125000000,0.0890466121944753926556621124206792738248934093151624815019675095
788353.55897513316052283016688306815922260284423828125000000,0.0886586903139314270484453617775312041894090569630897936241179521
798003.90986878394654269186503370292484760284423828125000000,0.0875392459505763693540102767072955474314522254336131966015613901
798140.90658273739047245953770470805466175079345703125000000,0.0875385591279067860099407419887583968883899278167982117541624873
798546.17803173854566267664267797954380512237548828125000000,0.0875066558251464095243470944980015192308750554800821385823365192
802515.58121131634846534552707453258335590362548828125000000,0.0870634986635705955175206991523700744628470738902089749305799116
802579.11617179666262700266088359057903289794921875000000000,0.0870814892009555952258935388432405080010858609657995857503797649
802728.01103772074677067394077312201261520385742187500000000,0.0869254909080038219107889154443211994611394898704528033791103598
803019.98898747697788280675013083964586257934570312500000000,0.0867714552926942751563644581378484611333909670712656021989271390
803022.41017682979270508880631496140267699956893920898437500,0.0867772507193344695507502622048887764316267238445927058745912405
804427.44303287757529741242024101666174829006195068359375000,0.0866323900138979041862252174872350811818243344693193165512542716
806914.74102734767084310618656672886572778224945068359375000,0.0863641741984223876512321328716038854435481836495230072816541152
809483.58147232841302010086792506626807153224945068359375000,0.0860883549308104545545185783190658558876759187539784009388907413
810141.70532307782978076460267402580939233303070068359375000,0.0860136973321989097346422297810358558876759187539784009388907413
812132.33501218947717514851092346361838281154632568359375000,0.0858052761828705247908841553418034925183702570956575459218738624
813516.66536316957931429527661748579703271389007568359375000,0.0856659635060630969503617272856142220064130087420509053144780323
819345.19704772154214023061058469465933740139007568359375000,0.0850319125550490118766361922117500776892057542062235997912648945
819512.15860827648979292092690229765139520168304443359375000,0.0850297906623840239285874547991760195707705105863195554736760738
820694.55676254609787800831099957576952874660491943359375000,0.0849152879049461762972719797438944676550837197159144953542983323
821427.30010927598406222926996633759699761867523193359375000,0.0848506189003193863681737527133906686127435585491087105274971129
823746.53966627475884987319432184449397027492523193359375000,0.0845956317503901769264426414150206686127435585491087105274971129
825533.43197859711805275395590797415934503078460693359375000,0.0844162506213078244428527481075382491143039053325384512490159004
825961.13187447550425357434278339496813714504241943359375000,0.0843855966621227522225647583101698824969416284449002346256572415
828171.87374411467752732818325966945849359035491943359375000,0.0841610842226629790071235700321574754311238647797884692625601624
828935.75124900658560189725676536909304559230804443359375000,0.0840941369069283893146371317962875945872752878763067510057746126
832115.59535908353021849137576282373629510402679443359375000,0.0837669252733842518788863350976540066357786993306902976603546276
834647.74725925889064281903984010568819940090179443359375000,0.0835113504935370310444422344519063249136422770177346764631499388
835085.59506042402941883295852676383219659328460693359375000,0.0834801862548681003116941053740446494245001469798277475348124967
837199.88503854180968399845141902915202081203460693359375000,0.0832706911976469390666072190982893868386129458371578734624327200
840529.20376939104304536698464289656840264797210693359375000,0.0829341161387472723606884311303809838262017072352189628835646776
844632.34978387363995633307922616950236260890960693359375000,0.0825194652727426949828494347509332937241150725083822807511006721
844867.01757298801243845076669458649121224880218505859375000,0.0826221020370961471555313494180509235386091394631531090467288034
844923.74744179581448033644619499682448804378509521484375000,0.0822031045179213302703886510753647492426619201569308383784138512
845442.92896058826963034960044751642271876335144042968750000,0.0821661990208675708006008115626527768650706524362489196544036409
846476.62814545720934056305395642993971705436706542968750000,0.0820754560615856660198988732399445040112706416053533157060673991
848291.92043055866414924537366459844633936882019042968750000,0.0818861314766918748645464833199145040112706416053533157060673991
849731.91263642786642940052388439653441309928894042968750000,0.0817538586564418902838651047141760906851335034618880402344159066
849877.39380378553658879070553666679188609123229980468750000,0.0817387721277116226522631193924660906851335034618880402344159066
851378.23224711757023719371773040620610117912292480468750000,0.0815834347822576271412611130461860906851335034618880402344159066
852301.67125714629577082348532712785527110099792480468750000,0.0815053714233507242664655947034514568904889984975766311166652330
853020.40993195083916411647351196734234690666198730468750000,0.0814484842225747751733851367075978092977922626525696860193157310
853128.52031947890175267446011275751516222953796386718750000,0.0814544147899959724893049812884895079107910289716039968991921224
854955.38950256089294832406721980078145861625671386718750000,0.0812838062860892302800092767426551393998595069993834321175142168
856676.11646501508523776635684043867513537406921386718750000,0.0811247367998976140773396114716497837686655867489394478961661396
858083.36416363519385974711894959909841418266296386718750000,0.0809981549009430629899549806154690343541713674064978315906652521
860396.66678062781677560622028977377340197563171386718750000,0.0807635025006895442045002370635490343541713674064978315906652521
861533.43244589421108337035093427402898669242858886718750000,0.0806653496780792283307402224747037711599670109328989898399808587
863384.56252692436858175994984776480123400688171386718750000,0.0804955833432054805647135812422551141896045873848895318651621650
864986.32538503136909291413303435547277331352233886718750000,0.0803514792525267658113869333877861834465985787762875313399456866
865099.16425364645232143345765507547184824943542480468750000,0.0803566172810690224622765418549665389344263749624538791024612213
869362.13269250389651965349457896081730723381042480468750000,0.0799484728793046908654559477623877339898620950283421583679810602
869741.15274354081048890918737015454098582267761230468750000,0.0799271916810815025371120915519992086163104009906474720380563505
870008.91291437391106278198549262015148997306823730468750000,0.0799168647450650551974155786980775894838069706215620074515692920
876699.14478047428025142551177850691601634025573730468750000,0.0792760713688664249218446088248900765956856295320366062136626707
877536.78254758918688871460744849173352122306823730468750000,0.0792105384194881358687773325711564032885788093162413719960923686
878103.64886735288297181512007227865979075431823730468750000,0.0791713682976889718596608853124360762324179985561126065277042499
879521.31376451089300694263783952919766306877136230468750000,0.0790497397189639326151530490363679754304341868154663735228829090
880425.68332243227422218012634402839466929435729980468750000,0.0789780338097971172814757354661486008858249684171490616188616784
882234.86109089995346543844334519235417246818542480468750000,0.0788192787638687029622092271097988126017549727940808080236240624
886634.37154181847557588014296925393864512443542480468750000,0.0784136669577432368575090266397488372480229548691602918076250288
893129.76795552207744144368462002603337168693542480468750000,0.0778149016103286224379092470597306081610622122498376585807678706
893954.70938571359084612311107775894924998283386230468750000,0.0777529608475991299389220349316271786772743293540580226253183364
896499.03668157503198976598923763958737254142761230468750000,0.0775305643618448250937254879919081087996962485818963099825666740
896683.52283396417629823815786949126049876213073730468750000,0.0775286572034589065591303325674979318646673353115437324338408894
900250.29777589627934553107024839846417307853698730468750000,0.0772129614131441142180412510369117745418297701626988667846856249
901955.91722271997633519902137777535244822502136230468750000,0.0770707772729360194538060795677362968341289353015274772485218638
903769.94460166945719770126288494793698191642761230468750000,0.0769191698447406699160511271988559054111471282258502193093420948
904144.43458471277608445859641506103798747062683105468750000,0.0768998213491857729864104287705574269424372698004282624177148687
904210.75692756511003089769928919849917292594909667968750000,0.0768730629912463083389589843565735644761911713852251954125916183
907021.79012637852859857190424008877016603946685791015625000,0.0766161643830630788658010449847535644761911713852251954125916183
909875.56854179335799504002579851658083498477935791015625000,0.0763720685424513966707584662791009999035691383742346560757179551
910273.72278859560894748170767343253828585147857666015625000,0.0763510472427515598743351830521720949538102155282990694355286602
910553.46135324356417672930774642736651003360748291015625000,0.0763406860667246485884752911739120896297358758387023136514001598
911830.85984346112194121047878070385195314884185791015625000,0.0762402308785086764156518693390702439341395179386060392393320002
913084.69961614207567013323796345503069460391998291015625000,0.0761421424639070114234434130551761712031201477534812930708307628
913339.50824663120728619247756796539761126041412353515625000,0.0761173518742214640715715412778653913973407372021696132346485431
913462.56609348955127902769390857429243624210357666015625000,0.0761210552866246661149700567801535518794872209786251615147276002
914709.48016831828196959719434744329191744327545166015625000,0.0760238485195380341986425344042167919980106514688255921513908327
916612.89042947521231585739087677211500704288482666015625000,0.0758682431483766586513111900993713984222579635454787643246470387
917255.60679656831909856151696658344008028507232666015625000,0.0758254705669044457322073964973357311548831482753509568957467600
917277.21389695719539592033697772421874105930328369140625000,0.0758317110066098537523468923203708082738321326280618417663979855
919313.72976120166983360348922360572032630443572998046875000,0.0756650501300711936310585374477220271967414851501072193881059579
920055.53791076999529519042653191718272864818572998046875000,0.0756136595344147244482549860721981257680389511229780047423928047
920683.63168795975311109458516511949710547924041748046875000,0.0755723643365785971947053777601597839902848112739740128214970293
921952.77298006114337436400774095091037452220916748046875000,0.0754602361088881220346476583348597839902848112739740128214970293
922089.60597812341548529246892940136604011058807373046875000,0.0754624072030113086060205058494429085326812160892912670277403779
922098.22445416028774811678658807068131864070892333984375000,0.0754616470443530237955346433745929085326812160892912670277403779
922141.72818642285319779006158569245599210262298583984375000,0.0754669062589054667658976586819030483326136123861821224058926953
922347.57900991701704551672946763574145734310150146484375000,0.0753891400083921578669794128799687579930301341261267913661510125
922781.42778690292086363200496634817682206630706787109375000,0.0753654557585707570585384384345805844241366322011441147843413546
923321.59002618358660807729165753698907792568206787109375000,0.0753323654561078541833272300906828171713209568241629538376163154
925405.76824531769877690834391614771448075771331787109375000,0.0751635519526642258551982175187470429037659625095915911091371695
925568.37606061114737254769124774611555039882659912109375000,0.0751198971686361715305160379557865059635323229352397513159011032
925900.15432312189648822453591492376290261745452880859375000,0.0751054390537857830607036255274244659652064523250764820667362593
928130.02405923763070116905282702646218240261077880859375000,0.0749248277905938668475962731422463122851624148294508055455959515
929798.16451423452020375037818666896782815456390380859375000,0.0747939348041885250243043604912714115925435465478644292291371933
943292.36753390562228727134197470149956643581390380859375000,0.0736509378594941848552941961621262838898030968712343320757192173
945402.03826636256838522598400231800042092800140380859375000,0.0734729689137697063009510497480662838898030968712343320757192173
948011.34661684993500951890155192813836038112640380859375000,0.0732683381614378422159358745625477291793711713282990309780563575
950346.71282825378069158972493823966942727565765380859375000,0.0730876539738069267012947235059532407969883371996834254149707347
950700.48988063279177307407508124015294015407562255859375000,0.0730724527246903166648267431743517320783725586303570949953737768
950710.45947019257012211568280690698884427547454833984375000,0.0730857536467754018837895186774783687919446408152131898114383263
951893.46342438639607674844000939629040658473968505859375000,0.0730015344459045506445311188424894660766986642400997633554925981
953706.41557097997173908510148976347409188747406005859375000,0.0728653554058368379922515136269913363655641685192603699677175571
954072.57360382189762670890331719419918954372406005859375000,0.0727368782090249852239194874764405013132554849992661857967956279
954357.24259131759155305729791507474146783351898193359375000,0.0727280192004285790008557456087688749683678079265687391166793194
955456.06383749150010142869859919301234185695648193359375000,0.0726517564406597162648861488017627216158175738032819287637857716
956131.90158578290303292845919713727198541164398193359375000,0.0726105309171782477369482633829764545913006740947293146095968899
956726.04937249857110881379185229889117181301116943359375000,0.0725760504350611878044844584358341405638245588702406909968251613
957592.70640147264740615895561859360896050930023193359375000,0.0725191342671553706328773673637677395357084870873972258067941456
957911.13935675822208448693118043593131005764007568359375000,0.0723712282303147235930585001992573331624927401601681702014406706
958075.13634583679377154652456738403998315334320068359375000,0.0723059102905061467960603959557442607964103338095201392302161435
958474.17883048509931054326216326444409787654876708984375000,0.0722886651430658232425761106872522194247290316775349334328868829
959647.12201653473313367470609591691754758358001708984375000,0.0722075637047258299884614229033098243614988212788769191577929872
962983.96595412630723753721895263879559934139251708984375000,0.0719335982795921186663285073801698243614988212788769191577929872
964069.39804692249300810402701245038770139217376708984375000,0.0718604725327483072751522842276988489424954148668794716142525486
966108.36394524469029843061207429855130612850189208984375000,0.0716943738048845171261851598752288489424954148668794716142525486
967974.25313056877327166915847556083463132381439208984375000,0.0715584996624180071842108512175112531701390382647625869469488769
968312.58077618735445835085329235880635678768157958984375000,0.0715465544065663914921929760728305703801613481329418571122272731
971360.63304179944738248053681672899983823299407958984375000,0.0713160503099687856442263194350027339082723458421978198125006502
972824.23376315483450493815098525374196469783782958984375000,0.0712138370245686581376439766521211104234939546728835604585685917
975008.42272401900267109198239268152974545955657958984375000,0.0710543531730935208579111450287409932614935937260531105099725574
977820.15527275302760212838393272249959409236907958984375000,0.0708457515578002521205446635010742890912510819314505997988141735
978238.60211283054140007919841082184575498104095458984375000,0.0708276581438959575785634045311127112483922055363765119543723819
979597.91569894330599677090276600210927426815032958984375000,0.0707350627640889611208427657955365464018556157918756715259028007
980274.46943037830614198213652343838475644588470458984375000,0.0706965704095761469263615813776709878872263902184713456056520892
980926.67606297164844786351522998302243649959564208984375000,0.0706600050764687368290168681306864290400695908328006685413432327
983949.68007395922110358554846243350766599178314208984375000,0.0704371961233100908407553267993230231959304860489881023878886653
984833.69976604694478705681603969424031674861907958984375000,0.0703827440555518256414551775718453370236681029677587776775909765
985360.09163050215455736946523757069371640682220458984375000,0.0703562875958135293234606092142604238587887767654752778004513349
988588.57726575734694929309398503392003476619720458984375000,0.0701194574769448742649660483970550037034463638944793704337836741
990069.64841315380262098955199689953587949275970458984375000,0.0700192173276961129057318812000399832264424524720006611947350653
990916.70113970684577875402965219109319150447845458984375000,0.0699682161275244706444096363121245024298932365674568000956238042
993934.57556097128225669479206771939061582088470458984375000,0.0697501740507513476978028609029262413158963877638810375862971292
993971.12013957866056212964167571044526994228363037109375000,0.0697617482356264119338197641303276265531979240351389392509558691
994002.62042554463277976850577033474110066890716552734375000,0.0697735290075517904715361930513386362190445057487062079985414738
994170.03159806948052956698802518076263368129730224609375000,0.0697749320214710302568836106272679208359596263883829336333272532
994637.57322407423975274554095449275337159633636474609375000,0.0697532523123842281280639134034163851436184269095939612537900285
994898.03449669264983068472929517156444489955902099609375000,0.0697474150997145012253731968843867624773623985685198040504989967
997984.43271229552629275616482118493877351284027099609375000,0.0695256343468235737936781023998943728391823501914819643009298844
998203.55953639873791072290032388991676270961761474609375000,0.0695229565026567807091630923118177628977185951264141152399365010
